{"MSE": 2.4489198777431307, "_timestamp": 1687228990.0240686, "_runtime": 8.397965669631958, "_step": 0, "_wandb": {"runtime": 8}}