{"MSE": 2.453983836538874, "_timestamp": 1687227135.380345, "_runtime": 10.602321147918701, "_step": 0, "_wandb": {"runtime": 9}}