{"MSE": 2.450450152523111, "_timestamp": 1687228961.0261116, "_runtime": 4.413281679153442, "_step": 0, "_wandb": {"runtime": 4}}