{"MSE": 2.44853368254023, "_timestamp": 1687228926.0495958, "_runtime": 4.972156763076782, "_step": 0, "_wandb": {"runtime": 4}}