{"MSE": 2.453983836538874, "_timestamp": 1687227654.2795548, "_runtime": 10.188472747802734, "_step": 0, "_wandb": {"runtime": 9}}