{"MSE": 2.4543617825465955, "_timestamp": 1687228909.6104507, "_runtime": 4.597818851470947, "_step": 0, "_wandb": {"runtime": 3}}