{"MSE": 2.4703566200105147, "_timestamp": 1687228944.22475, "_runtime": 2.4563310146331787, "_step": 0, "_wandb": {"runtime": 1}}