{"MSE": 2.453983836538874, "_timestamp": 1687227582.0221741, "_runtime": 10.728209018707275, "_step": 0, "_wandb": {"runtime": 9}}